dataset,n_tasks,n_rows,n_valid,auc_mean,auc_std,acc_mean,acc_std,n_train_mean,n_test_mean
ALL,44,44,44,0.6134183238920593,0.1142725511231754,0.7997500107589389,0.1432436766786102,2981.6136363636365,746.1818181818181
BACE,1,1,1,0.7478041282389108,0.0,0.6765676567656765,0.0,1210.0,303.0
BBBP,1,1,1,0.9006905894792492,0.0,0.8704156479217604,0.0,1630.0,409.0
ClinTox,2,2,2,0.5914966649397624,0.009034191065546204,0.9307432432432432,0.005067567567567599,1183.0,296.0
HIV,1,1,1,0.6420473004057623,0.0,0.965102140077821,0.0,32896.0,8224.0
SIDER,27,27,27,0.5425143317128767,0.06063974238896218,0.7301217301217301,0.13293880561534474,1141.0,286.0
Tox21,12,12,12,0.7390819955832907,0.0629241351990196,0.9251784857379044,0.04481118878835455,5190.166666666667,1298.5
